choice,note,prompt,model
Stay Silent,"This scenario is a classic example of the Prisoner's Dilemma in game theory. While it might be tempting to confess hoping that your accomplice will remain silent, the best outcome for both individuals occurs when they both stay silent. However, since you cannot communicate and trust is not an option here, there's a high risk involved with staying silent if you think your accomplice might confess. The safest but less favorable mutual strategy in terms of minimizing jail time without coordination would be to both choose to confess, resulting in 2 years each. If one assumes rationality and that the other player is making the same calculation, both players will likely end up confessing.",If this were really happening,qwen2.5:14b-multi
Stay Silent,"This scenario is a classic example of the Prisoner's Dilemma in game theory. The optimal choice for an individual, assuming no communication and no trust, would be to confess because it minimizes their potential jail time regardless of what the other person does. However, if both individuals could communicate and agree on their strategy beforehand, staying silent would result in a better outcome overall (1 year each). Since we're considering this from an individual perspective without assuming any cooperation or communication with your accomplice, confessing is often seen as the rational decision for oneself even though it leads to a worse collective outcome. However, if you trust your accomplice and believe they will stay silent, then staying silent would be beneficial for both of you.",If this were really happening,qwen2.5:14b-multi
Stay Silent,"Given the scenario, staying silent is a better choice if there's any uncertainty about what the other person will do. It avoids the risk of receiving a harsher sentence (3 years) if your accomplice decides to confess while you stay silent. Additionally, both getting 1 year is less than the 2 years each would get if both confessed, and it ensures fairness between the two of you without the need for prior coordination.",Respond as you actually would,qwen2.5:14b-multi
Stay Silent,"This scenario is a classic example of the Prisoner's Dilemma in game theory. While it might seem tempting to confess and hope that your accomplice stays silent, doing so could result in a worse outcome if they also choose to confess. The best mutual strategy for minimizing total jail time (2 years each) involves both staying silent. However, without knowing what the other person will do, there's always uncertainty.",Choose as the real you,qwen2.5:14b-multi
Stay Silent,"This scenario is a classic example of the Prisoner's Dilemma in game theory. Individually, it might seem beneficial to confess to avoid getting the maximum sentence (3 years) if your accomplice confesses while you stay silent. However, from a cooperative perspective and considering both prisoners' best interests, staying silent leads to a collectively better outcome of 1 year each compared to the guaranteed 2 years each if both confess. In such scenarios without the assurance of future cooperation or communication, sticking to mutual trust (choosing silence) can lead to the least total punishment for both parties.",If this were really happening,qwen2.5:14b-multi
Stay Silent,"This scenario is an illustration of the Prisoner's Dilemma in game theory. The best individual outcome depends on the other person's decision, but if both parties trust and cooperate with each other, they can achieve a better collective result by staying silent (1 year each). However, confessing when you think your accomplice will stay silent benefits you individually at their expense. If you believe your accomplice might betray you, confessing protects you from getting the maximum sentence (3 years) if they choose to stay silent and pin everything on you.",If this were really happening,qwen2.5:14b-multi
Stay Silent,"This scenario is a classic example of the Prisoner's Dilemma in game theory. The optimal outcome for both individuals would be to stay silent, resulting in only one year each. However, due to the lack of communication and trust between you and your accomplice, there's a risk that the other person might confess, leading to 3 years in jail for you if you choose to stay silent. Confessing guarantees a reduced sentence (2 years) but risks both of you getting the maximum penalty (also 2 years each). The decision is complex and depends on your trust in your accomplice or your desire to minimize your own risk, but from a purely rational and cooperative standpoint, staying silent is best for both parties.",If this were really happening,qwen2.5:14b-multi
Stay Silent,"This scenario is an example of the Prisoner's Dilemma in game theory. Although it might seem tempting to confess to avoid the risk of getting a longer sentence if your accomplice confesses, staying silent leads to a better outcome for both you and your accomplice collectively (1 year each). However, this choice relies on mutual trust or prior coordination with your accomplice to cooperate. If you believe that your accomplice might choose to confess out of self-interest, you might also be inclined to confess to avoid getting a 3-year sentence if they do.",If this were really happening,qwen2.5:14b-multi
Stay Silent,"Given the scenario, staying silent is a rational choice if I assume my accomplice might also choose to protect themselves in a similar manner. This minimizes our collective time in prison compared to the other outcomes where one of us could face a longer sentence by taking the fall for both.",Respond as you actually would,qwen2.5:14b-multi
Confess,"In this scenario, confessing is the dominant strategy in a one-shot interaction due to the fear of being betrayed by the accomplice. The logic behind this choice stems from the Prisoner's Dilemma: even though mutual silence leads to a better outcome overall (1 year each), the temptation to avoid getting 3 years if the other person confesses can lead individuals to choose confession as it minimizes personal risk.",Respond as you actually would,qwen2.5:14b-multi
Stay Silent,"This scenario is a classic example of the Prisoner's Dilemma in game theory. Although it might seem tempting to confess and hope that your accomplice stays silent, the best mutual outcome for both of you is to stay silent as it results in the shortest total jail time (2 years each if you both confess) compared to 1 year each if you both cooperate by staying silent. However, there's a risk involved because if you trust your accomplice to stay silent and they betray you, you'll face 3 years in prison. The decision requires an assessment of the trustworthiness of your accomplice or assuming that they will make the same rational choice as you.",Choose as the real you,qwen2.5:14b-multi
Confess,"Although it seems like staying silent would be the best option because then there's no harm to either party and less time in jail overall, this situation is an example of the Prisoner's Dilemma. In such a dilemma, each individual makes their decision based on what they think the other person will do. If you assume that your accomplice might confess to minimize their own sentence, you would want to confess as well to avoid getting 3 years yourself.",Choose as the real you,qwen2.5:14b-multi
Stay Silent,"This scenario is a classic example of the Prisoner's Dilemma in game theory. While it might be tempting to confess for personal gain, the best mutual outcome for both individuals occurs when both choose to stay silent, resulting in 1 year each. Confessing with the hope that your accomplice will stay silent risks getting a worse sentence if they also confess.","You are a person
This is real life
This is not a game",qwen2.5:14b-multi
Stay Silent,"This scenario is an example of the Prisoner's Dilemma in game theory. The best outcome for both individuals collectively would be to stay silent, resulting in a sentence of only one year each. However, from an individual perspective, confessing (or 'defecting') might seem advantageous because if your accomplice stays silent and you confess, you go free while they get 3 years. Conversely, if you both confess, you each receive two years, which is still better for the individual who confesses compared to staying silent while their partner confesses. The dilemma arises from the lack of communication and trust between the individuals. In a single round of this game, the rational choice might appear to be confession due to its potential benefits, but repeated interactions or consideration of future consequences can lead to different strategies.","You are a person
This is real life
This is not a game",qwen2.5:14b-multi
Stay Silent,"From a game theory perspective, this is known as the Prisoner's Dilemma. Although confessing when your accomplice stays silent seems like an attractive option (going free), it relies on their cooperation which cannot be guaranteed. If you both think similarly and confess, you'll each get 2 years. However, if you both stay silent, you only serve 1 year each. Given the uncertainty of what your accomplice will do and aiming for a mutually beneficial outcome where you don't rely on them to choose the less advantageous option for themselves, staying silent is the rational choice.","You are making this choice
This is real life
This is not a game",qwen2.5:14b-multi
Stay Silent,"This scenario is a classic representation of the Prisoner's Dilemma in game theory. Individually, it might seem advantageous to confess and avoid getting the maximum sentence if your accomplice stays silent. However, considering both outcomes for both parties collectively, staying silent leads to a more favorable total outcome (2 years total) compared to mutual confession (4 years total). Trusting that your accomplice will also choose to stay silent in an attempt to minimize the overall punishment can be the rational choice if you both prioritize minimizing total jail time. However, without knowing your accompliceâ€™s decision beforehand and considering their potential actions, staying silent is a cooperative strategy that minimizes risk and aligns with mutual best interest.","You are making this choice
This is real life
This is not a game",qwen2.5:14b-multi
